{"stats":{"minecraft:dropped":{"minecraft:experience_bottle":1},"minecraft:picked_up":{"minecraft:stick":7,"minecraft:experience_bottle":4,"minecraft:cooked_cod":15,"minecraft:apple":1,"minecraft:diamond":1,"minecraft:leather":5,"minecraft:iron_ingot":3},"minecraft:custom":{"minecraft:time_since_rest":15334,"minecraft:open_chest":19,"minecraft:crouch_one_cm":441,"minecraft:play_time":15334,"minecraft:sprint_one_cm":46529,"minecraft:open_enderchest":2,"minecraft:damage_taken":275,"minecraft:walk_one_cm":13592,"minecraft:sneak_time":576,"minecraft:drop":1,"minecraft:jump":437,"minecraft:damage_dealt":305,"minecraft:time_since_death":15334,"minecraft:total_world_time":15334,"minecraft:player_kills":1,"minecraft:interact_with_crafting_table":4,"minecraft:fall_one_cm":7248,"minecraft:fly_one_cm":262377},"minecraft:used":{"minecraft:rotten_flesh":1,"minecraft:diamond_sword":5,"minecraft:apple":2,"minecraft:written_book":1,"minecraft:carrot_on_a_stick":2,"minecraft:experience_bottle":25},"minecraft:crafted":{"minecraft:diamond_sword":1,"minecraft:iron_chestplate":1,"minecraft:iron_helmet":1}},"DataVersion":3465}