{"stats":{"minecraft:killed_by":{"minecraft:player":1},"minecraft:custom":{"minecraft:time_since_rest":2869,"minecraft:open_chest":6,"minecraft:crouch_one_cm":6,"minecraft:deaths":1,"minecraft:play_time":10884,"minecraft:sprint_one_cm":11785,"minecraft:open_enderchest":1,"minecraft:damage_taken":281,"minecraft:walk_one_cm":7352,"minecraft:sneak_time":362,"minecraft:walk_under_water_one_cm":43,"minecraft:jump":95,"minecraft:damage_dealt":89,"minecraft:time_since_death":2863,"minecraft:walk_on_water_one_cm":327,"minecraft:total_world_time":10884,"minecraft:swim_one_cm":1058,"minecraft:interact_with_crafting_table":2,"minecraft:fall_one_cm":808,"minecraft:fly_one_cm":226047},"minecraft:used":{"minecraft:carrot_on_a_stick":5,"minecraft:iron_sword":2,"minecraft:experience_bottle":4},"minecraft:crafted":{"minecraft:iron_sword":1,"minecraft:stick":4}},"DataVersion":3465}