{"stats":{"minecraft:custom":{"minecraft:jump":380,"minecraft:open_chest":13,"minecraft:time_since_rest":16466,"minecraft:crouch_one_cm":40,"minecraft:damage_dealt":8,"minecraft:damage_taken":95,"minecraft:deaths":1,"minecraft:sprint_one_cm":53288,"minecraft:play_time":17999,"minecraft:open_enderchest":4,"minecraft:time_since_death":16460,"minecraft:walk_one_cm":27155,"minecraft:sneak_time":481,"minecraft:climb_one_cm":36,"minecraft:total_world_time":17999,"minecraft:mob_kills":2,"minecraft:fall_one_cm":6964,"minecraft:fly_one_cm":333229},"minecraft:used":{"minecraft:carrot_on_a_stick":5,"minecraft:cooked_beef":1,"minecraft:written_book":2,"minecraft:experience_bottle":14,"minecraft:melon_slice":4}},"DataVersion":3465}