{"stats":{"minecraft:killed_by":{"minecraft:player":3},"minecraft:custom":{"minecraft:time_since_rest":6212,"minecraft:open_chest":33,"minecraft:damage_taken":736,"minecraft:crouch_one_cm":1853,"minecraft:sprint_one_cm":120833,"minecraft:play_time":31503,"minecraft:open_enderchest":11,"minecraft:deaths":3,"minecraft:walk_one_cm":33226,"minecraft:sneak_time":623,"minecraft:walk_under_water_one_cm":76,"minecraft:jump":1040,"minecraft:damage_dealt":26,"minecraft:leave_game":1,"minecraft:time_since_death":6206,"minecraft:walk_on_water_one_cm":1065,"minecraft:total_world_time":31503,"minecraft:damage_resisted":30,"minecraft:swim_one_cm":484,"minecraft:interact_with_crafting_table":5,"minecraft:fall_one_cm":23702,"minecraft:fly_one_cm":309039},"minecraft:used":{"minecraft:iron_chestplate":1,"minecraft:leather_leggings":1,"minecraft:apple":2,"minecraft:bow":14,"minecraft:written_book":1,"minecraft:cooked_cod":1,"minecraft:melon_slice":3,"minecraft:carrot_on_a_stick":10,"minecraft:carrot":2,"minecraft:iron_helmet":1,"minecraft:leather_chestplate":1,"minecraft:iron_sword":1,"minecraft:iron_boots":1,"minecraft:experience_bottle":2,"minecraft:iron_leggings":1},"minecraft:crafted":{"minecraft:iron_sword":1,"minecraft:iron_leggings":1,"minecraft:iron_boots":1,"minecraft:bow":1,"minecraft:iron_chestplate":1,"minecraft:leather_leggings":1,"minecraft:leather_chestplate":1,"minecraft:iron_helmet":1}},"DataVersion":3465}