{"stats":{"minecraft:used":{"minecraft:carrot_on_a_stick":2,"minecraft:written_book":1,"minecraft:experience_bottle":2},"minecraft:crafted":{"minecraft:iron_sword":1},"minecraft:custom":{"minecraft:jump":176,"minecraft:open_chest":6,"minecraft:time_since_rest":7596,"minecraft:damage_taken":20,"minecraft:crouch_one_cm":1106,"minecraft:walk_on_water_one_cm":651,"minecraft:sprint_one_cm":27874,"minecraft:play_time":7596,"minecraft:open_enderchest":2,"minecraft:time_since_death":7596,"minecraft:walk_one_cm":7475,"minecraft:sneak_time":285,"minecraft:total_world_time":7596,"minecraft:interact_with_crafting_table":1,"minecraft:fall_one_cm":3090,"minecraft:fly_one_cm":79382}},"DataVersion":3465}