{"stats":{"minecraft:used":{"minecraft:leather_leggings":1,"minecraft:apple":2,"minecraft:bow":14,"minecraft:written_book":1,"minecraft:cooked_cod":1,"minecraft:melon_slice":3,"minecraft:carrot_on_a_stick":2,"minecraft:carrot":2,"minecraft:leather_chestplate":1,"minecraft:iron_sword":1,"minecraft:experience_bottle":2},"minecraft:killed_by":{"minecraft:player":2},"minecraft:crafted":{"minecraft:iron_sword":1,"minecraft:bow":1,"minecraft:leather_leggings":1,"minecraft:leather_chestplate":1},"minecraft:custom":{"minecraft:time_since_rest":205,"minecraft:open_chest":23,"minecraft:crouch_one_cm":1604,"minecraft:deaths":2,"minecraft:play_time":19596,"minecraft:sprint_one_cm":86179,"minecraft:open_enderchest":4,"minecraft:damage_taken":530,"minecraft:walk_one_cm":18445,"minecraft:sneak_time":432,"minecraft:jump":679,"minecraft:damage_dealt":26,"minecraft:time_since_death":199,"minecraft:walk_on_water_one_cm":651,"minecraft:total_world_time":19596,"minecraft:damage_resisted":30,"minecraft:interact_with_crafting_table":4,"minecraft:fall_one_cm":15641,"minecraft:fly_one_cm":205084}},"DataVersion":3465}