{"stats":{"minecraft:picked_up":{"minecraft:diamond":3},"minecraft:dropped":{"minecraft:diamond":4,"minecraft:apple":1},"minecraft:killed_by":{"minecraft:player":5},"minecraft:custom":{"minecraft:time_since_rest":1588,"minecraft:sprint_one_cm":172785,"minecraft:open_enderchest":12,"minecraft:damage_taken":1402,"minecraft:walk_one_cm":47014,"minecraft:interact_with_anvil":1,"minecraft:drop":5,"minecraft:damage_dealt":78,"minecraft:interact_with_crafting_table":9,"minecraft:swim_one_cm":1302,"minecraft:fly_one_cm":426218,"minecraft:open_chest":53,"minecraft:crouch_one_cm":1980,"minecraft:play_time":44153,"minecraft:deaths":5,"minecraft:sneak_time":800,"minecraft:walk_under_water_one_cm":131,"minecraft:jump":1431,"minecraft:leave_game":2,"minecraft:walk_on_water_one_cm":1870,"minecraft:time_since_death":1582,"minecraft:total_world_time":44153,"minecraft:damage_resisted":30,"minecraft:fall_one_cm":31710},"minecraft:used":{"minecraft:leather_leggings":1,"minecraft:apple":2,"minecraft:iron_axe":1,"minecraft:melon_slice":3,"minecraft:carrot_on_a_stick":11,"minecraft:iron_helmet":1,"minecraft:leather_chestplate":1,"minecraft:iron_sword":1,"minecraft:iron_boots":1,"minecraft:cooked_chicken":2,"minecraft:iron_chestplate":2,"minecraft:bow":14,"minecraft:written_book":1,"minecraft:cooked_cod":3,"minecraft:carrot":2,"minecraft:iron_leggings":1,"minecraft:experience_bottle":12},"minecraft:crafted":{"minecraft:bow":1,"minecraft:iron_boots":1,"minecraft:iron_chestplate":2,"minecraft:leather_leggings":1,"minecraft:iron_axe":1,"minecraft:leather_chestplate":1,"minecraft:iron_helmet":1,"minecraft:iron_sword":1,"minecraft:iron_leggings":1}},"DataVersion":3465}