{"stats":{"minecraft:used":{"minecraft:diamond_boots":1,"minecraft:carrot_on_a_stick":35,"minecraft:iron_helmet":1,"minecraft:shield":3,"minecraft:iron_sword":7,"minecraft:diamond_axe":2,"minecraft:stone_axe":2,"minecraft:cooked_chicken":1,"minecraft:iron_chestplate":1,"minecraft:diamond_sword":12,"minecraft:written_book":1,"minecraft:carrot":2,"minecraft:experience_bottle":50},"minecraft:dropped":{"minecraft:enchanted_book":1,"minecraft:iron_ingot":19,"minecraft:diamond_sword":2,"minecraft:goat_horn":1,"minecraft:shield":4,"minecraft:diamond":6,"minecraft:iron_chestplate":4,"minecraft:iron_helmet":1,"minecraft:iron_leggings":1,"minecraft:iron_boots":2,"minecraft:leather":1,"minecraft:written_book":5,"minecraft:gold_ingot":15},"minecraft:picked_up":{"minecraft:stick":4,"minecraft:iron_chestplate":4,"minecraft:cooked_beef":6,"minecraft:leather":1,"minecraft:diamond_sword":2,"minecraft:shield":5,"minecraft:carrot":7,"minecraft:goat_horn":1,"minecraft:iron_leggings":1,"minecraft:arrow":21,"minecraft:cooked_cod":8,"minecraft:apple":2,"minecraft:diamond":2,"minecraft:iron_helmet":1,"minecraft:iron_ingot":20,"minecraft:diamond_axe":1,"minecraft:cooked_chicken":10,"minecraft:golden_apple":1,"minecraft:gold_ingot":15,"minecraft:melon_slice":1,"minecraft:iron_sword":1,"minecraft:oak_planks":11,"minecraft:iron_boots":2},"minecraft:crafted":{"minecraft:diamond_sword":1,"minecraft:iron_chestplate":1,"minecraft:shield":1,"minecraft:iron_helmet":1,"minecraft:diamond_boots":1,"minecraft:iron_leggings":1},"minecraft:custom":{"minecraft:time_since_rest":4170,"minecraft:sprint_one_cm":81706,"minecraft:open_enderchest":3,"minecraft:damage_taken":600,"minecraft:walk_one_cm":31471,"minecraft:damage_blocked_by_shield":177,"minecraft:drop":25,"minecraft:damage_dealt":626,"minecraft:fly_one_cm":287115,"minecraft:swim_one_cm":527,"minecraft:interact_with_crafting_table":4,"minecraft:player_kills":3,"minecraft:open_chest":35,"minecraft:crouch_one_cm":330,"minecraft:play_time":22213,"minecraft:deaths":1,"minecraft:sneak_time":493,"minecraft:walk_under_water_one_cm":59,"minecraft:jump":493,"minecraft:leave_game":1,"minecraft:walk_on_water_one_cm":509,"minecraft:time_since_death":4167,"minecraft:total_world_time":22213,"minecraft:fall_one_cm":7462}},"DataVersion":3465}