{"stats":{"minecraft:used":{"minecraft:iron_chestplate":1,"minecraft:written_book":1,"minecraft:carrot_on_a_stick":34,"minecraft:carrot":2,"minecraft:iron_helmet":1,"minecraft:experience_bottle":17},"minecraft:dropped":{"minecraft:written_book":5},"minecraft:crafted":{"minecraft:iron_leggings":1,"minecraft:iron_chestplate":1,"minecraft:iron_helmet":1},"minecraft:custom":{"minecraft:time_since_rest":10213,"minecraft:open_chest":23,"minecraft:crouch_one_cm":242,"minecraft:sprint_one_cm":40830,"minecraft:play_time":10213,"minecraft:open_enderchest":2,"minecraft:walk_one_cm":19705,"minecraft:sneak_time":270,"minecraft:walk_under_water_one_cm":59,"minecraft:drop":5,"minecraft:jump":231,"minecraft:leave_game":1,"minecraft:time_since_death":10213,"minecraft:walk_on_water_one_cm":509,"minecraft:total_world_time":10213,"minecraft:swim_one_cm":527,"minecraft:interact_with_crafting_table":1,"minecraft:fall_one_cm":3489,"minecraft:fly_one_cm":82279}},"DataVersion":3465}