{"stats":{"minecraft:used":{"minecraft:apple":2,"minecraft:diamond_boots":1,"minecraft:iron_axe":6,"minecraft:carrot_on_a_stick":54,"minecraft:iron_helmet":1,"minecraft:shield":3,"minecraft:iron_sword":10,"minecraft:diamond_axe":2,"minecraft:stone_axe":2,"minecraft:cooked_chicken":1,"minecraft:iron_chestplate":1,"minecraft:golden_apple":1,"minecraft:diamond_sword":12,"minecraft:bow":3,"minecraft:written_book":2,"minecraft:goat_horn":13,"minecraft:carrot":2,"minecraft:experience_bottle":59},"minecraft:dropped":{"minecraft:enchanted_book":1,"minecraft:iron_ingot":19,"minecraft:diamond_sword":2,"minecraft:goat_horn":1,"minecraft:shield":4,"minecraft:diamond":6,"minecraft:iron_chestplate":4,"minecraft:melon_slice":3,"minecraft:cobblestone":1,"minecraft:iron_helmet":1,"minecraft:iron_leggings":1,"minecraft:iron_boots":2,"minecraft:leather":1,"minecraft:written_book":5,"minecraft:gold_ingot":15},"minecraft:picked_up":{"minecraft:stick":5,"minecraft:iron_chestplate":5,"minecraft:cooked_beef":6,"minecraft:leather":1,"minecraft:diamond_sword":2,"minecraft:enchanted_book":3,"minecraft:shield":5,"minecraft:carrot":7,"minecraft:string":2,"minecraft:goat_horn":1,"minecraft:iron_leggings":2,"minecraft:arrow":47,"minecraft:cooked_cod":8,"minecraft:apple":5,"minecraft:diamond":2,"minecraft:iron_helmet":2,"minecraft:iron_ingot":33,"minecraft:diamond_axe":1,"minecraft:cooked_chicken":10,"minecraft:golden_apple":1,"minecraft:gold_ingot":15,"minecraft:melon_slice":1,"minecraft:iron_sword":1,"minecraft:oak_planks":22,"minecraft:cobblestone":1,"minecraft:iron_boots":3},"minecraft:killed_by":{"minecraft:player":1},"minecraft:crafted":{"minecraft:diamond_sword":1,"minecraft:bow":1,"minecraft:iron_boots":1,"minecraft:iron_chestplate":2,"minecraft:golden_apple":1,"minecraft:shield":1,"minecraft:iron_axe":1,"minecraft:iron_sword":1,"minecraft:iron_helmet":2,"minecraft:diamond_boots":1,"minecraft:iron_leggings":2},"minecraft:custom":{"minecraft:time_since_rest":628,"minecraft:damage_absorbed":40,"minecraft:sprint_one_cm":107987,"minecraft:open_enderchest":4,"minecraft:damage_taken":990,"minecraft:walk_one_cm":41882,"minecraft:damage_blocked_by_shield":177,"minecraft:drop":27,"minecraft:damage_dealt":957,"minecraft:fly_one_cm":357129,"minecraft:swim_one_cm":527,"minecraft:interact_with_crafting_table":9,"minecraft:player_kills":4,"minecraft:open_chest":49,"minecraft:crouch_one_cm":340,"minecraft:play_time":29956,"minecraft:deaths":2,"minecraft:sneak_time":513,"minecraft:walk_under_water_one_cm":59,"minecraft:jump":739,"minecraft:leave_game":2,"minecraft:walk_on_water_one_cm":509,"minecraft:time_since_death":625,"minecraft:total_world_time":29956,"minecraft:fall_one_cm":12967}},"DataVersion":3465}