{"stats":{"minecraft:used":{"minecraft:iron_chestplate":2,"minecraft:diamond_sword":5,"minecraft:carrot_on_a_stick":3,"minecraft:experience_bottle":14},"minecraft:crafted":{"minecraft:diamond_sword":1,"minecraft:bow":1,"minecraft:iron_boots":1,"minecraft:iron_chestplate":1,"minecraft:golden_apple":2,"minecraft:leather_leggings":1,"minecraft:shield":1,"minecraft:diamond_axe":1,"minecraft:stick":4},"minecraft:mined":{"minecraft:grass":1},"minecraft:custom":{"minecraft:time_since_rest":11935,"minecraft:open_chest":24,"minecraft:crouch_one_cm":271,"minecraft:play_time":11935,"minecraft:sprint_one_cm":38260,"minecraft:open_enderchest":6,"minecraft:damage_taken":54,"minecraft:walk_one_cm":20946,"minecraft:sneak_time":117,"minecraft:interact_with_anvil":1,"minecraft:jump":288,"minecraft:damage_dealt":240,"minecraft:time_since_death":11935,"minecraft:total_world_time":11935,"minecraft:interact_with_crafting_table":7,"minecraft:fall_one_cm":4160,"minecraft:fly_one_cm":80499,"minecraft:player_kills":1}},"DataVersion":3465}