{"stats":{"minecraft:dropped":{"minecraft:goat_horn":2,"minecraft:cooked_beef":15,"minecraft:iron_chestplate":1,"minecraft:experience_bottle":16,"minecraft:leather":1,"minecraft:arrow":4,"minecraft:golden_apple":1,"minecraft:gold_ingot":14},"minecraft:picked_up":{"minecraft:stick":19,"minecraft:cooked_beef":4,"minecraft:leather":2,"minecraft:diamond_sword":1,"minecraft:spyglass":1,"minecraft:enchanted_book":4,"minecraft:iron_leggings":1,"minecraft:arrow":25,"minecraft:diamond":8,"minecraft:bow":1,"minecraft:iron_ingot":46,"minecraft:cooked_chicken":2,"minecraft:gold_ingot":24,"minecraft:oak_planks":10},"minecraft:mined":{"minecraft:grass":1},"minecraft:killed_by":{"minecraft:player":2},"minecraft:custom":{"minecraft:time_since_rest":33241,"minecraft:damage_absorbed":159,"minecraft:sprint_one_cm":171357,"minecraft:open_enderchest":16,"minecraft:damage_taken":1410,"minecraft:walk_one_cm":77332,"minecraft:damage_blocked_by_shield":300,"minecraft:interact_with_anvil":1,"minecraft:drop":10,"minecraft:damage_dealt":1449,"minecraft:interact_with_crafting_table":15,"minecraft:swim_one_cm":2796,"minecraft:player_kills":5,"minecraft:fly_one_cm":580910,"minecraft:open_chest":77,"minecraft:crouch_one_cm":529,"minecraft:play_time":49825,"minecraft:deaths":2,"minecraft:sneak_time":790,"minecraft:walk_under_water_one_cm":371,"minecraft:jump":1249,"minecraft:leave_game":1,"minecraft:time_since_death":33235,"minecraft:walk_on_water_one_cm":1641,"minecraft:total_world_time":49825,"minecraft:fall_one_cm":18233},"minecraft:used":{"minecraft:iron_axe":2,"minecraft:carrot_on_a_stick":7,"minecraft:shield":4,"minecraft:iron_sword":10,"minecraft:diamond_axe":2,"minecraft:iron_chestplate":4,"minecraft:golden_apple":4,"minecraft:diamond_sword":16,"minecraft:bow":9,"minecraft:goat_horn":9,"minecraft:cooked_cod":1,"minecraft:cooked_beef":5,"minecraft:experience_bottle":16},"minecraft:crafted":{"minecraft:diamond_sword":2,"minecraft:bow":2,"minecraft:iron_boots":3,"minecraft:iron_chestplate":5,"minecraft:golden_leggings":1,"minecraft:golden_apple":7,"minecraft:leather_leggings":1,"minecraft:shield":4,"minecraft:diamond_axe":2,"minecraft:iron_axe":2,"minecraft:stick":8,"minecraft:iron_helmet":3,"minecraft:iron_sword":2,"minecraft:iron_leggings":2}},"DataVersion":3465}