{"stats":{"minecraft:used":{"minecraft:iron_axe":2,"minecraft:carrot_on_a_stick":4,"minecraft:shield":3,"minecraft:iron_sword":6,"minecraft:diamond_axe":2,"minecraft:iron_chestplate":2,"minecraft:golden_apple":2,"minecraft:diamond_sword":7,"minecraft:bow":9,"minecraft:goat_horn":4,"minecraft:cooked_cod":1,"minecraft:cooked_beef":3,"minecraft:experience_bottle":14},"minecraft:dropped":{"minecraft:arrow":4},"minecraft:picked_up":{"minecraft:stick":12,"minecraft:cooked_beef":4,"minecraft:diamond_sword":1,"minecraft:spyglass":1,"minecraft:enchanted_book":1,"minecraft:arrow":25,"minecraft:diamond":6,"minecraft:iron_ingot":28,"minecraft:cooked_chicken":1,"minecraft:gold_ingot":6,"minecraft:oak_planks":7},"minecraft:killed_by":{"minecraft:player":2},"minecraft:crafted":{"minecraft:diamond_sword":1,"minecraft:iron_boots":2,"minecraft:bow":2,"minecraft:iron_chestplate":2,"minecraft:golden_apple":4,"minecraft:shield":2,"minecraft:leather_leggings":1,"minecraft:diamond_axe":2,"minecraft:iron_axe":1,"minecraft:stick":4,"minecraft:iron_helmet":1,"minecraft:iron_sword":1,"minecraft:iron_leggings":1},"minecraft:mined":{"minecraft:grass":1},"minecraft:custom":{"minecraft:time_since_rest":7351,"minecraft:walk_one_cm":36910,"minecraft:sprint_one_cm":89436,"minecraft:open_enderchest":9,"minecraft:damage_taken":1086,"minecraft:damage_absorbed":79,"minecraft:damage_blocked_by_shield":210,"minecraft:interact_with_anvil":1,"minecraft:drop":1,"minecraft:damage_dealt":845,"minecraft:swim_one_cm":2098,"minecraft:interact_with_crafting_table":10,"minecraft:fly_one_cm":223654,"minecraft:player_kills":3,"minecraft:open_chest":46,"minecraft:crouch_one_cm":284,"minecraft:play_time":23935,"minecraft:deaths":2,"minecraft:sneak_time":269,"minecraft:walk_under_water_one_cm":107,"minecraft:jump":630,"minecraft:walk_on_water_one_cm":398,"minecraft:time_since_death":7345,"minecraft:total_world_time":23935,"minecraft:fall_one_cm":8465}},"DataVersion":3465}