{"stats":{"minecraft:used":{"minecraft:written_book":1,"minecraft:goat_horn":4,"minecraft:carrot_on_a_stick":4,"minecraft:experience_bottle":1},"minecraft:killed_by":{"minecraft:player":1},"minecraft:crafted":{"minecraft:iron_leggings":1,"minecraft:diamond_sword":1,"minecraft:iron_boots":1,"minecraft:iron_chestplate":2,"minecraft:golden_apple":1,"minecraft:shield":1,"minecraft:stick":8,"minecraft:iron_helmet":1},"minecraft:custom":{"minecraft:time_since_rest":5518,"minecraft:open_chest":40,"minecraft:crouch_one_cm":227,"minecraft:walk_one_cm":18401,"minecraft:play_time":11534,"minecraft:sprint_one_cm":19244,"minecraft:open_enderchest":4,"minecraft:damage_taken":289,"minecraft:deaths":1,"minecraft:sneak_time":94,"minecraft:jump":107,"minecraft:damage_dealt":34,"minecraft:time_since_death":5512,"minecraft:total_world_time":11534,"minecraft:interact_with_crafting_table":10,"minecraft:fall_one_cm":1168,"minecraft:fly_one_cm":29994}},"DataVersion":3465}