{"stats":{"minecraft:picked_up":{"minecraft:stick":13,"minecraft:iron_chestplate":1,"minecraft:cooked_beef":5,"minecraft:enchanted_book":2,"minecraft:carrot":7,"minecraft:shield":1,"minecraft:arrow":33,"minecraft:cooked_cod":3,"minecraft:apple":4,"minecraft:diamond":7,"minecraft:iron_ingot":25,"minecraft:diamond_axe":1,"minecraft:cooked_chicken":3,"minecraft:golden_apple":1,"minecraft:gold_ingot":10,"minecraft:oak_planks":9},"minecraft:dropped":{"minecraft:enchanted_book":1,"minecraft:arrow":1},"minecraft:killed_by":{"minecraft:player":4},"minecraft:custom":{"minecraft:time_since_rest":19164,"minecraft:damage_absorbed":41,"minecraft:sprint_one_cm":109879,"minecraft:open_enderchest":13,"minecraft:damage_taken":1361,"minecraft:walk_one_cm":64346,"minecraft:damage_blocked_by_shield":106,"minecraft:drop":2,"minecraft:damage_dealt":1233,"minecraft:swim_one_cm":2092,"minecraft:interact_with_crafting_table":21,"minecraft:fly_one_cm":315163,"minecraft:player_kills":3,"minecraft:open_chest":128,"minecraft:crouch_one_cm":655,"minecraft:play_time":47531,"minecraft:deaths":4,"minecraft:sneak_time":306,"minecraft:walk_under_water_one_cm":189,"minecraft:jump":1007,"minecraft:leave_game":2,"minecraft:walk_on_water_one_cm":1509,"minecraft:time_since_death":19158,"minecraft:total_world_time":47531,"minecraft:damage_resisted":106,"minecraft:fall_one_cm":11843},"minecraft:used":{"minecraft:apple":1,"minecraft:carrot_on_a_stick":10,"minecraft:shield":8,"minecraft:iron_sword":4,"minecraft:cooked_chicken":3,"minecraft:spyglass":14,"minecraft:golden_apple":1,"minecraft:diamond_sword":25,"minecraft:written_book":3,"minecraft:goat_horn":8,"minecraft:cooked_beef":1,"minecraft:experience_bottle":1},"minecraft:crafted":{"minecraft:diamond_sword":4,"minecraft:iron_boots":2,"minecraft:iron_chestplate":4,"minecraft:golden_apple":2,"minecraft:shield":3,"minecraft:stick":8,"minecraft:iron_helmet":3,"minecraft:iron_sword":1,"minecraft:iron_leggings":3}},"DataVersion":3465}