{"stats":{"minecraft:picked_up":{"minecraft:stick":10,"minecraft:iron_chestplate":1,"minecraft:cooked_beef":5,"minecraft:enchanted_book":2,"minecraft:carrot":7,"minecraft:shield":1,"minecraft:arrow":33,"minecraft:cooked_cod":3,"minecraft:apple":2,"minecraft:diamond":6,"minecraft:iron_ingot":19,"minecraft:diamond_axe":1,"minecraft:cooked_chicken":3,"minecraft:golden_apple":1,"minecraft:gold_ingot":4},"minecraft:dropped":{"minecraft:enchanted_book":1,"minecraft:arrow":1},"minecraft:killed_by":{"minecraft:player":4},"minecraft:custom":{"minecraft:time_since_rest":7164,"minecraft:damage_absorbed":41,"minecraft:sprint_one_cm":73655,"minecraft:open_enderchest":11,"minecraft:damage_taken":1204,"minecraft:walk_one_cm":48449,"minecraft:damage_blocked_by_shield":106,"minecraft:drop":2,"minecraft:damage_dealt":662,"minecraft:swim_one_cm":492,"minecraft:interact_with_crafting_table":11,"minecraft:fly_one_cm":205644,"minecraft:player_kills":1,"minecraft:open_chest":73,"minecraft:crouch_one_cm":610,"minecraft:play_time":35531,"minecraft:deaths":4,"minecraft:sneak_time":256,"minecraft:walk_under_water_one_cm":90,"minecraft:jump":629,"minecraft:leave_game":2,"minecraft:walk_on_water_one_cm":570,"minecraft:time_since_death":7158,"minecraft:total_world_time":35531,"minecraft:damage_resisted":106,"minecraft:fall_one_cm":9201},"minecraft:used":{"minecraft:apple":1,"minecraft:carrot_on_a_stick":9,"minecraft:shield":8,"minecraft:cooked_chicken":2,"minecraft:golden_apple":1,"minecraft:diamond_sword":17,"minecraft:written_book":3,"minecraft:goat_horn":7,"minecraft:experience_bottle":1},"minecraft:crafted":{"minecraft:diamond_sword":2,"minecraft:iron_boots":1,"minecraft:iron_chestplate":2,"minecraft:golden_apple":1,"minecraft:shield":1,"minecraft:stick":8,"minecraft:iron_helmet":1,"minecraft:iron_leggings":1}},"DataVersion":3465}