{"stats":{"minecraft:used":{"minecraft:carrot_on_a_stick":5,"minecraft:shield":8,"minecraft:cooked_chicken":2,"minecraft:golden_apple":1,"minecraft:diamond_sword":17,"minecraft:written_book":1,"minecraft:goat_horn":7,"minecraft:experience_bottle":1},"minecraft:dropped":{"minecraft:enchanted_book":1},"minecraft:picked_up":{"minecraft:stick":10,"minecraft:iron_chestplate":1,"minecraft:cooked_beef":5,"minecraft:enchanted_book":2,"minecraft:shield":1,"minecraft:carrot":7,"minecraft:arrow":33,"minecraft:cooked_cod":3,"minecraft:apple":2,"minecraft:diamond":6,"minecraft:iron_ingot":19,"minecraft:diamond_axe":1,"minecraft:cooked_chicken":3,"minecraft:golden_apple":1,"minecraft:gold_ingot":4},"minecraft:killed_by":{"minecraft:player":3},"minecraft:crafted":{"minecraft:diamond_sword":2,"minecraft:iron_boots":1,"minecraft:iron_chestplate":2,"minecraft:golden_apple":1,"minecraft:shield":1,"minecraft:stick":8,"minecraft:iron_helmet":1,"minecraft:iron_leggings":1},"minecraft:custom":{"minecraft:time_since_rest":3119,"minecraft:damage_absorbed":41,"minecraft:sprint_one_cm":48773,"minecraft:open_enderchest":5,"minecraft:damage_taken":964,"minecraft:walk_one_cm":30972,"minecraft:damage_blocked_by_shield":106,"minecraft:drop":1,"minecraft:damage_dealt":662,"minecraft:interact_with_crafting_table":11,"minecraft:fly_one_cm":136783,"minecraft:player_kills":1,"minecraft:open_chest":61,"minecraft:crouch_one_cm":408,"minecraft:play_time":23534,"minecraft:deaths":3,"minecraft:sneak_time":194,"minecraft:jump":360,"minecraft:walk_on_water_one_cm":313,"minecraft:time_since_death":3114,"minecraft:total_world_time":23534,"minecraft:fall_one_cm":5532}},"DataVersion":3465}